{
    "min_x_padded": 11698685.74098637,
    "min_y_padded": -6361972.509819105,
    "max_x_padded": 11852883.06919661,
    "max_y_padded": -6177014.041277128,
    "svg_width_px": 3334.744917078389,
    "svg_height_px": 4000.0
}