{
    "min_x_padded": 11711928.615393087,
    "min_y_padded": -6337459.136321555,
    "max_x_padded": 11842780.845086563,
    "max_y_padded": -6176513.654097446,
    "svg_width_px": 3252.0882943771194,
    "svg_height_px": 4000.0
}