{
    "min_x_padded": 1312350.2891807884,
    "min_y_padded": 3778.271297327946,
    "max_x_padded": 1488671.8300620955,
    "max_y_padded": 144183.8798727822,
    "svg_width_px": 4000.0,
    "svg_height_px": 3185.217367626567
}