{
    "min_x_padded": -32818.14565559376,
    "min_y_padded": -9285.085419067887,
    "max_x_padded": 142548.0444770197,
    "max_y_padded": 132294.17010660298,
    "svg_width_px": 4000.0,
    "svg_height_px": 3229.339826989624
}