{
    "min_x_padded": 11676279.314377459,
    "min_y_padded": -6216312.928817941,
    "max_x_padded": 11854462.79927802,
    "max_y_padded": -6074624.680655073,
    "svg_width_px": 4000.0,
    "svg_height_px": 3180.726838785058
}