{
    "min_x_padded": -160287.12430380352,
    "min_y_padded": -7406.099894006624,
    "max_x_padded": 11519.422950790267,
    "max_y_padded": 92651.70072493878,
    "svg_width_px": 4000.0,
    "svg_height_px": 2329.5456946858594
}