{
    "min_x_padded": 11677042.310139006,
    "min_y_padded": -6216734.928224009,
    "max_x_padded": 11852740.082354663,
    "max_y_padded": -6075371.842742348,
    "svg_width_px": 3999.9999999999995,
    "svg_height_px": 3218.3239138205554
}