{
    "min_x_padded": 11669785.219876312,
    "min_y_padded": -6470226.70320908,
    "max_x_padded": 11959313.733263748,
    "max_y_padded": -6379090.64414495,
    "svg_width_px": 4000.0,
    "svg_height_px": 1259.0961490853174
}