{
    "min_x_padded": 11669785.218786232,
    "min_y_padded": -6470226.7032408295,
    "max_x_padded": 11959313.733295498,
    "max_y_padded": -6379090.630809048,
    "svg_width_px": 4000.0,
    "svg_height_px": 1259.0963288883875
}