{
    "min_x_padded": 11676805.373548448,
    "min_y_padded": -6427593.831815597,
    "max_x_padded": 11689424.028115314,
    "max_y_padded": -6386110.785571263,
    "svg_width_px": 1216.7529349259491,
    "svg_height_px": 4000.0
}